指标,单位,最小,5%,25%,中位,75%,90%,95%,99%,最大,均值,标准差
末端 x,mm,-140.2,-75.6,-26.7,-1.6,31.7,56.9,69.7,82.0,102.5,-0.3,42.9
末端 y,mm,-134.5,-67.8,-29.0,0.4,27.4,54.5,69.6,102.8,127.8,0.2,42.3
末端 z,mm,374.5,398.6,406.8,411.6,417.9,424.2,426.7,433.0,436.1,412.2,8.7
到基座距离 r,mm,398.2,406.8,410.8,415.5,421.6,427.5,430.6,435.1,437.3,416.6,7.4
末端切线倾角,°,0.8,6.4,15.2,23.3,31.5,37.3,41.2,48.2,56.8,23.4,10.8
平均曲率 |κ|,1/m,0.118,0.394,0.756,1.116,1.510,1.764,1.920,2.160,2.473,1.137,0.476
张力范数 ||τ||,N,16.52,36.26,48.03,56.24,63.66,68.80,73.05,78.16,81.75,55.45,11.17
单丝张力 τ (全体),N,0.00,2.00,10.00,20.00,30.00,36.00,38.00,39.60,39.99,20.00,11.55
丝位移范数 ||ΔL||,mm,17.91,28.84,42.02,50.46,57.98,64.66,68.38,74.02,78.37,49.69,11.76
打靶残差,-,4.21e-13,2.08e-12,5.97e-12,1.22e-11,5.90e-11,4.10e-10,6.75e-10,9.45e-10,9.99e-10,1.07e-10,2.19e-10

半径区间(mm),样本数,占比
100-120,0,0.0%
120-140,0,0.0%
140-160,0,0.0%
160-180,0,0.0%
180-200,0,0.0%
200-220,0,0.0%
220-240,0,0.0%
240-260,0,0.0%
260-280,0,0.0%
280-300,0,0.0%
300-320,0,0.0%
320-340,0,0.0%
340-360,0,0.0%
360-380,0,0.0%
380-400,1,0.1%
400-420,838,69.8%
420-440,361,30.1%
440-460,0,0.0%
